num_temporal_crops,accuracy,macro_f1,avg_sec_per_video
1,0.941031941031941,0.9388283770482757,0.08126299035637033
3,0.9582309582309583,0.9577299136217683,0.17691181742881382
