num_temporal_crops,accuracy,macro_f1,avg_sec_per_video
1,0.9611111111111111,0.9624953394686174,0.07604189448886448
3,0.9611111111111111,0.9631716816961404,0.17403969367345173
