{
  "train_loss": [
    0.9200232998123319,
    0.4223420953187417,
    0.4261496292324517,
    0.3693236786080158,
    0.3521079062007544,
    0.35000544387524524,
    0.33881153811619974,
    0.34770913269576126,
    0.338901252258481,
    0.3317583843948334,
    0.32736800763550705
  ],
  "train_acc": [
    0.8005923000987167,
    0.9684106614017769,
    0.9693978282329714,
    0.9930898321816387,
    0.9970384995064165,
    0.9960513326752222,
    0.998025666337611,
    0.998025666337611,
    0.998025666337611,
    0.9970384995064165,
    1.0
  ],
  "train_f1": [
    0.8013998787343652,
    0.9673224753452678,
    0.969160708312553,
    0.9932362503115367,
    0.9970389518865727,
    0.9960911687584333,
    0.9979680608114204,
    0.9979165382681086,
    0.9981169287904692,
    0.9969978739209509,
    1.0
  ],
  "val_loss": [
    0.5344667331032131,
    0.5319874170033828,
    0.5545968750248784,
    0.5177316302838533,
    0.4836272014224011,
    0.5358506752097089,
    0.488070802844089,
    0.49104083750558936,
    0.4997090178987254,
    0.47728625199069147,
    0.49161429508872656
  ],
  "val_acc": [
    0.9388888888888889,
    0.9388888888888889,
    0.9277777777777778,
    0.9277777777777778,
    0.9611111111111111,
    0.9388888888888889,
    0.95,
    0.9388888888888889,
    0.9555555555555556,
    0.9555555555555556,
    0.9555555555555556
  ],
  "val_f1": [
    0.9411260454156453,
    0.9401031184712398,
    0.9309868979403881,
    0.9307059855358761,
    0.9624953394686174,
    0.9411973283191617,
    0.9520898689113444,
    0.9419885551392853,
    0.9572525063397272,
    0.9576267880527515,
    0.9576267880527515
  ],
  "lr": [
    0.0001,
    0.0001,
    0.0001,
    5e-05,
    5e-05,
    5e-05,
    5e-05,
    2.5e-05,
    2.5e-05,
    2.5e-05,
    1.25e-05
  ]
}