{
  "train_loss": [
    1.509566896543728,
    0.5562564240196558,
    0.444058858034179,
    0.4151098817352235,
    0.38704278079543525,
    0.34433215434157005,
    0.3379074518136152,
    0.3384196418007528
  ],
  "train_acc": [
    0.6525172754195459,
    0.9279368213228035,
    0.9545903257650543,
    0.9703849950641659,
    0.9703849950641659,
    0.9891411648568608,
    0.9881539980256664,
    0.9881539980256664
  ],
  "train_f1": [
    0.6402323953039606,
    0.9283095068485465,
    0.9534200356807677,
    0.9711924203115817,
    0.9694371896611771,
    0.9895044264530974,
    0.987871010302113,
    0.9883453725339635
  ],
  "val_loss": [
    1.055610945691233,
    1.00913876813391,
    1.1019689881283303,
    1.1306512291016786,
    1.1937502156133237,
    1.1442849130734154,
    1.0978837155777474,
    1.0759790151015571
  ],
  "val_acc": [
    0.7277777777777777,
    0.7388888888888889,
    0.7333333333333333,
    0.7333333333333333,
    0.7166666666666667,
    0.7277777777777777,
    0.7,
    0.7333333333333333
  ],
  "val_f1": [
    0.7491009867996453,
    0.75570780378267,
    0.7457467753532719,
    0.7409923409923409,
    0.7323523248094794,
    0.7484269380017181,
    0.7199125714694543,
    0.7486431457367211
  ],
  "val_select_acc": [
    0.7666666666666667,
    0.7888888888888889,
    0.7611111111111111,
    0.7555555555555555,
    0.7222222222222222,
    0.7666666666666667,
    0.7444444444444445,
    0.7666666666666667
  ],
  "val_select_f1": [
    0.7787866348211175,
    0.802768264116012,
    0.7808010300894551,
    0.757132884410863,
    0.7438395803544996,
    0.7899815227756405,
    0.7603243530662884,
    0.7767477620418798
  ],
  "val_select_num_sequences": [
    3,
    3,
    3,
    3,
    3,
    3,
    3,
    3
  ],
  "encoder_lr": [
    0.0001,
    0.0001,
    0.0001,
    0.0001,
    5e-05,
    5e-05,
    5e-05,
    2.5e-05
  ],
  "head_lr": [
    0.0005,
    0.0005,
    0.0005,
    0.0005,
    0.00025,
    0.00025,
    0.00025,
    0.000125
  ]
}