num_sequences,num_repeats,accuracy,macro_f1,avg_sec_per_video
1,3,0.7388888888888889,0.75570780378267,0.12853018310334946
3,3,0.7888888888888889,0.802768264116012,0.36304890712102256
