num_sequences,num_repeats,accuracy,macro_f1,avg_sec_per_video
1,3,0.7297297297297297,0.7152619793552831,0.1337619735802128
3,3,0.7469287469287469,0.7372188131152277,0.37239676377111336
