n_frames,accuracy,macro_f1,avg_sec_per_video
1,0.6855036855036855,0.689138534325255,0.03685965174831981
3,0.7125307125307125,0.7129862631371623,0.07176903834799876
5,0.714987714987715,0.7157668171520001,0.07152905393876959
