mode,n_frames,accuracy,macro_f1,avg_sec_per_video
random,5,0.714987714987715,0.7157668171520001,0.07152905393876959
segment,5,0.7248157248157249,0.723486012660461,0.02509358766916636
