n_frames,accuracy,macro_f1,avg_sec_per_video
1,0.7166666666666667,0.7207372639102338,0.033408497439490425
3,0.6888888888888889,0.6874147861064182,0.04720659123526679
5,0.7333333333333333,0.7353381369592525,0.06882382101482815
