{
  "train_loss": [
    1.3117477782070637,
    0.7490145526826382,
    0.7454889696091413,
    0.5788092883303761,
    0.49746336694806814,
    0.470254885032773,
    0.5157226603478193,
    0.39944764226675034,
    0.3565525021404028,
    0.3557686600834131,
    0.3352676760405302,
    0.3268659580498934,
    0.33249123953282833,
    0.31765766348689795,
    0.3184770895168185
  ],
  "train_acc": [
    0.631786771964462,
    0.8499506416584403,
    0.8538993089832182,
    0.9052319842053307,
    0.945705824284304,
    0.9486673247778875,
    0.9348469891411648,
    0.9763079960513327,
    0.9861796643632774,
    0.9851924975320829,
    0.9940769990128332,
    0.9960513326752222,
    0.9921026653504442,
    0.9960513326752222,
    0.9990128331688055
  ],
  "train_f1": [
    0.6370665124786296,
    0.8464417358963261,
    0.8546036294896269,
    0.9058109481000649,
    0.9458738064597195,
    0.9479544498357771,
    0.9350719012380886,
    0.9764054871599668,
    0.9865358100537662,
    0.9850631569859316,
    0.9939179637346272,
    0.9961496664186104,
    0.9921831846139337,
    0.9962197640766959,
    0.9989609032422787
  ],
  "val_loss": [
    3.141537845134735,
    1.968025118112564,
    1.5827847123146057,
    1.3539515336354573,
    1.837238331635793,
    1.6510819494724274,
    2.0788360635439553,
    1.28281373778979,
    1.1851483186086018,
    1.1195028722286224,
    1.2161507308483124,
    1.146421621243159,
    1.1709033250808716,
    1.15570467710495,
    1.1683397392431896
  ],
  "val_acc": [
    0.3277777777777778,
    0.5,
    0.5944444444444444,
    0.6055555555555555,
    0.5555555555555556,
    0.5555555555555556,
    0.5222222222222223,
    0.6333333333333333,
    0.6777777777777778,
    0.6722222222222223,
    0.6666666666666666,
    0.6666666666666666,
    0.65,
    0.6722222222222223,
    0.6666666666666666
  ],
  "val_f1": [
    0.28848446163216585,
    0.49044801184717596,
    0.5834582708645677,
    0.6218213330175053,
    0.5477210041104565,
    0.5736766996125285,
    0.5438194981485837,
    0.6511139243897864,
    0.6883815965653618,
    0.6824172941755041,
    0.6721079558866939,
    0.6795169116525079,
    0.6556033875336963,
    0.6831559093054994,
    0.6716406489133763
  ],
  "lr": [
    0.001,
    0.001,
    0.001,
    0.001,
    0.001,
    0.001,
    0.0005,
    0.0005,
    0.0005,
    0.0005,
    0.0005,
    0.00025,
    0.00025,
    0.00025,
    0.000125
  ]
}